Proveedor o contratista,Importe del contrato
Siemens Healthcare Diagnostics S De Rl De Cv,1162.84543672
Human Corporis Sa De Cv,1048.33051014
Ge Sistemas Medicos De Mexico Sa De Cv,963.4382812599999
Servicio Y Venta De Insumos Medicos Especiali,636.05265591
Dräger Medical Mexico Sa De Cv,549.28691654
Electronica Y Medicina Sa,526.21421446
Cyber Robotic Solutions Sa De Cv,409.47461866
Amc Biomedical Sa De Cv,350.71606240999995
Eureka Salud Sa De Cv,341.985
Maro Health Sa De Cv,320.34517
