Proveedor o contratista,Importe del contrato
Maro Health Sa De Cv,320.34517
Eureka Salud Sa De Cv,341.985
Amc Biomedical Sa De Cv,350.71606240999995
Cyber Robotic Solutions Sa De Cv,409.47461866
Electronica Y Medicina Sa,526.21421446
Dräger Medical Mexico Sa De Cv,549.28691654
Servicio Y Venta De Insumos Medicos Especiali,636.05265591
Ge Sistemas Medicos De Mexico Sa De Cv,963.4382812599999
Human Corporis Sa De Cv,1048.33051014
Siemens Healthcare Diagnostics S De Rl De Cv,1162.84543672
